days_since_last_response,status_encoded,profile_completeness,days_to_cohort_end,risk_score
19,2,88.6878335929106,52,76.96525686337395
15,0,80.89117615922824,117,39.74055180643644
25,0,49.663841938606495,54,53.956191289423444
12,1,55.47313590618649,98,44.60891050434651
26,1,86.21049375940656,7,60.17493835985408
21,2,97.65584195159227,42,69.69618419933754
22,2,57.33768029816274,23,82.69301759552117
22,0,79.58097247262538,81,42.05173042355185
27,1,57.564464902064636,44,64.13196848319153
20,0,38.15274792407073,57,55.622414354309356
4,1,76.02120816017992,99,27.51152970948999
13,2,50.99827032241396,96,73.39378891916228
19,1,35.99265619800867,16,67.8060307745094
23,2,76.41323029010681,79,73.11899786019214
15,1,31.183759850212596,68,68.73795458612946
19,1,65.2188885184951,56,55.28179714637211
16,1,64.73657285963309,66,61.01942160407301
10,0,37.16677382556234,52,36.610123610479455
1,2,24.66421933512528,28,50.71962651991043
13,1,64.56257218730227,79,50.38018401792312
12,1,85.12163077328277,48,39.666044140010186
3,0,77.78874804771603,10,21.043779461051372
27,0,32.18496821705347,60,55.79566223673903
4,1,44.12096713183012,45,30.777215519101983
28,1,29.440472169641225,10,65.79233809473102
14,3,41.269596916761564,83,100.0
7,2,55.94892017150309,86,55.283028176361235
13,0,56.462103186688886,108,32.57097724670048
24,1,34.14182263513854,69,55.941346201030015
14,2,54.5674431820083,86,74.19577209121555
2,1,26.755545691191127,77,30.545269036543356
5,0,46.388896986622825,59,25.00657589842298
5,0,33.64743748295089,70,21.1376327963822
13,1,67.27323931851333,41,47.934238650803465
12,3,82.6188181800229,57,87.66686920346733
20,1,95.02611639799863,58,46.047086120240955
24,1,46.52551978740418,32,58.618109741620735
8,1,86.10335393554863,2,42.897905383450336
9,0,28.686059290835484,66,34.331248596466246
7,1,78.1595691429506,79,32.51945877877431
18,0,38.417119271590465,109,47.490992334520044
16,1,86.38317945059305,44,56.91581012856311
6,1,43.27342705120949,114,35.56212510146765
29,1,33.16862540656145,112,61.091357516983805
29,1,91.33418130039311,119,59.62862002197355
6,2,61.50866883091592,107,59.22827494235094
10,2,49.892618309896804,79,67.16525853032871
11,1,94.94505204270234,31,31.67019359523121
2,0,32.26274532995952,99,16.63151432832816
21,1,35.71477325716586,104,58.383410253787694
9,2,60.05929489618738,116,59.670926528139965
5,0,30.54577742292168,27,30.610538481799956
8,0,75.54099485143092,60,18.79773572759568
25,0,77.23257036926412,96,37.92152233744935
13,0,94.20500408052061,14,36.571485350561325
3,1,73.0291370210866,58,29.5811631329964
28,1,21.988759310900505,110,66.81473209417601
25,1,31.22716776511301,12,70.89570809767193
4,3,94.6418577280169,71,59.634711646650736
19,1,21.42694271815902,94,71.74387956080938
7,2,38.611259357314694,95,58.964418525812526
27,1,68.24857258709805,104,53.70308834575002
27,1,72.15448204639793,51,46.780461633937264
15,1,38.93298903980649,29,54.562807633098835
28,2,25.32470855641425,12,89.093813504777
5,0,44.826773913925955,98,22.30825598750426
17,3,42.777606587034846,19,99.33088517741979
16,0,24.43163273314081,2,65.60785623483645
12,0,74.45716214396052,70,35.88571420955023
29,1,90.00039537876869,60,48.392130756532026
14,0,38.93958968835168,21,60.67792360698264
28,1,23.94032959420752,49,59.6498767212414
3,2,93.98734952144497,6,37.97960016084004
24,2,98.36565444692741,108,67.96924507336477
18,2,82.31970836625032,77,73.01861698642013
9,1,88.6057715298046,61,21.94555348938259
20,1,41.31706540006768,76,59.87701401338001
4,1,38.605595242309896,50,24.60957392695733
22,1,50.35712637815432,39,54.66408217084939
23,1,93.30784156305424,113,59.999989714438875
13,1,87.88483910188997,64,47.1179979733135
16,2,70.63341034140966,63,72.38619881521669
1,1,75.58385030547986,24,18.429974651378235
19,1,78.05725026171416,11,64.37575673668373
21,3,96.71041967272643,16,92.73318352029001
13,1,83.60918711864687,93,40.70957574406863
21,1,27.603935805152098,70,66.03926019672579
0,1,57.27881223849819,68,20.066071197451663
27,2,59.37225724603433,95,67.80935716676942
25,3,29.36828527200884,14,100.0
21,1,81.94571329134746,50,57.679675791561564
22,1,81.00257176565219,107,55.151201843278194
15,1,32.60893188999997,37,62.89518294376748
16,3,50.66558582219279,52,100.0
28,1,82.42411951275137,112,57.73710204987633
19,1,77.42081888029148,118,58.72493655839202
8,0,70.9659107192966,102,15.789206395808113
0,1,20.984214871088227,82,32.35091045008499
12,2,56.68384654388409,35,64.69254924109606
15,1,82.50352283452128,110,43.93546601363391
1,3,42.71267502912312,105,66.25439385275844
19,0,73.25477888852295,119,46.04025138258882
20,0,22.319960256357554,107,52.01264163437908
25,0,35.85633817703183,93,50.86002650347077
27,1,20.434386730296037,4,78.72738453072782
29,1,39.08422565019108,96,50.51507427072026
20,0,94.22363441378243,96,42.14422352695277
24,1,23.212103963765315,100,61.51030337321132
20,0,79.61505026630756,60,44.537623238909035
13,2,78.76968735481293,18,66.30539326036916
2,1,98.41638279189455,85,8.405815864735889
2,0,23.38804412641337,73,19.66695792127869
12,1,27.337680465935847,20,55.19629604827839
17,3,82.72647586731264,55,92.50848312185543
13,1,95.68195628464761,17,45.98301132208192
16,1,71.9386524196247,83,61.185231738961946
13,0,52.32275125926128,61,51.79051254877924
29,0,42.24604366250059,16,61.598658721498474
23,1,70.77032939346104,73,57.41547517859556
25,1,67.06449987272066,26,52.333512793841166
8,0,57.93061400721363,50,33.943844048093766
10,1,76.16017448882971,67,38.346145912033585
18,1,82.99457775887632,37,58.72034211189653
15,1,48.852586756020344,75,58.844881361922305
16,1,93.68457578361533,106,50.979168871313476
8,1,45.1560553395361,95,36.71110298616394
1,1,25.764731765835496,13,38.440155335729116
2,0,46.730403240123664,33,14.110554074243204
1,1,21.17462748480566,89,18.311014527418877
12,2,32.28903192485078,44,69.9447924486059
15,0,96.67433447207779,43,50.26720816682146
12,2,75.0132039332874,37,57.192567448370305
27,1,20.858211598054098,76,69.78238828883958
14,1,33.272549430122695,19,66.50123382269486
28,3,87.12557847053708,66,99.25380598749375
15,0,51.40581726735359,53,54.49406442788284
1,2,57.5461547352321,52,39.18191666573273
7,0,23.57192711794231,108,24.95681921550896
5,1,66.91561384118367,58,17.145575707260907
8,0,87.4870707810033,29,24.07424868267739
12,1,81.03224152316233,80,44.81049289846725
22,1,47.07651866378608,64,62.50988595552329
15,1,88.16124135049353,92,49.43228087463874
9,3,88.02194390669774,70,68.67325228065508
25,1,28.398377271685646,63,63.96692263740251
18,3,34.200526594957395,75,100.0
7,0,94.19683668032214,2,30.736105601417904
4,1,20.58515650344125,71,37.193147759683654
15,1,98.54447580340283,76,54.472035339380284
29,1,92.26622975712425,91,39.49714421957578
18,3,89.34411506095412,93,95.70315940096246
24,1,64.24830419290203,52,58.32758100296925
3,3,43.05825963903242,118,77.99484232625905
19,1,29.90958198913768,41,57.612737567943306
28,2,98.84321355959409,58,71.43965588718538
7,3,83.4945720447978,49,77.17332167574662
16,1,93.9761333775911,96,55.01940573616646
1,0,23.8958777851081,44,12.549284184606385
22,1,81.89765462013011,85,49.587474554437115
11,1,23.91709678586234,96,49.64669663586305
7,1,20.36000999517273,102,44.77256523935846
15,1,52.108444604271035,3,64.02011946806475
7,1,88.22249037055302,28,38.57685356761554
27,2,67.22562007065193,35,75.0024561048899
16,1,35.007494555159305,106,65.89630680135053
13,1,84.59452847810253,86,55.84451921410894
23,1,30.945702242370103,48,66.88714338636879
25,3,67.61702723306973,84,97.29854806827257
6,3,30.74935306504492,59,87.18956744258861
10,0,21.413502479992978,24,38.37206326467749
26,1,53.63054172042217,41,50.81407841006675
15,2,42.76327000894602,64,78.53940714978519
16,0,92.72518515383588,39,38.84136948838442
6,1,72.2751367207596,70,26.975598535665657
8,0,32.435325126673796,38,45.425946388085606
7,1,82.70592875005708,95,35.04269358599254
28,1,73.96779815832193,119,53.029403003615805
5,0,28.15153258516359,67,24.575491017220777
23,3,54.63779942942138,61,100.0
22,3,23.286327464387753,12,88.39821993806927
29,0,61.28702410056899,54,53.30742463818752
25,0,50.760350239194246,13,60.76046472603456
13,1,44.16572550269108,24,54.55917432080778
4,1,28.965629679895805,0,39.03148349381763
3,0,59.160160520576646,60,7.85057815654123
16,1,87.29629649719652,93,52.05984601594404
17,1,58.38907204408521,29,54.04108671503995
22,0,94.43076940713203,39,35.413041522942436
25,1,32.03632092459792,85,66.33642990940105
0,0,20.740782545689875,110,19.740680436286652
4,0,69.6119429302637,13,26.753005068871463
6,1,87.95482664718233,70,27.90420877559954
15,2,33.019478888396605,74,79.03752073939219
8,2,93.50349447221447,30,46.22396157691303
27,1,48.922886291135946,118,55.611170752727176
16,1,68.0587135090114,95,62.636583633416606
19,1,26.24867144642911,38,66.45422275072471
11,1,33.239020606542,2,53.78632442382484
9,1,45.3722536903983,88,44.701616346199714
7,1,31.49749291644273,15,40.73314456440154
23,0,99.34195807429685,60,39.87562282605764
16,0,66.77110673073324,119,46.703005849310685
2,2,62.89603304891002,105,37.00865740327656
21,1,67.56540871126916,6,67.04302733048384
29,1,21.452843513149126,100,70.68793822686979
25,0,40.29316052494628,104,47.716141255164985
15,1,74.20966108798353,47,59.09472334042862
8,1,98.67336607943501,91,28.669793799058507
28,1,83.68228450483028,1,64.19463384055011
28,1,91.17251373403178,11,56.088867685880956
14,1,96.9239703632826,17,47.54233364134976
27,0,93.00661953135449,103,35.588278530057664
26,1,90.26925870486413,88,52.10073464919067
2,1,78.49087813222363,89,21.28149374570939
13,1,92.31786327024321,12,46.271967759808255
15,2,36.35178936651434,11,95.74990883746806
6,0,50.171574428454456,117,33.734140247814516
18,2,45.530599087973286,47,96.78814857924301
11,1,68.14198046941668,49,42.06244122069495
2,1,50.17647863064031,23,28.690917179764302
9,0,74.76496587149418,19,21.528838828840755
21,3,27.913960408385783,29,99.70794378070659
10,2,36.16704813163824,33,61.05571454181782
1,1,40.75518718836274,56,25.743283985563643
2,1,72.20153606021306,115,11.099961521397836
7,0,43.58191596596342,30,28.266516238934148
23,2,98.76548866006033,108,64.69137776340014
17,3,31.023482874224413,8,100.0
12,1,87.6637566241714,11,44.635398394519
15,1,40.26043795201579,19,61.55584742215127
11,2,78.81035420157068,70,64.13230685228817
25,1,80.80119773952279,48,53.102548002504605
18,0,29.652426995494913,112,52.94235735476052
11,0,87.71828288543657,31,26.197564183845188
1,1,39.620717841856774,53,29.512882156860652
17,2,47.14577165892487,104,83.21791270384364
9,0,32.90032502815393,29,31.918242046085417
0,2,61.41292170301832,93,47.12829006041659
11,1,54.76504677581523,64,46.92555708462112
5,0,58.562460766908046,114,29.024477834635036
11,0,36.61738026812314,66,39.737140234297264
11,0,93.34787261033566,14,38.59572860910597
2,1,52.03609961962226,55,22.814288498220375
25,0,85.46462949630904,118,24.665009974664276
25,1,93.65326866188542,18,49.45720236692326
27,0,83.55656243967076,41,54.503289074080776
19,2,36.95636888644341,95,83.26386180367841
8,1,20.18470180693936,76,39.1393513776043
26,1,56.66096332292112,7,66.50753337300873
23,0,51.43419132561866,75,52.79723273332517
12,1,56.88795441239261,87,46.56072475649783
2,1,96.00488756995497,56,8.145446199725473
2,0,87.6806049046327,81,10.623786437880437
8,1,79.9694895138294,107,37.02766408626154
22,1,44.19842249103425,79,68.5566880551643
22,1,52.25121632952656,88,61.3133575492264
17,1,92.56690615276068,61,55.60538442882878
12,1,52.652533458481045,41,52.6390451969725
24,0,73.39919385174063,11,49.77928724849716
9,1,46.12374741374239,2,59.82010780651608
28,2,39.734430178091785,103,76.94788816099003
26,0,31.09235969867356,33,56.88003788767768
27,1,36.20179263393488,109,65.84031481322421
23,1,68.8048386309739,114,56.4193319077942
1,1,98.09027125533662,38,13.895820990194514
16,1,52.00491569078043,2,68.92538693796051
10,1,94.87499995485807,53,39.4120068524899
25,1,59.18594048739702,65,58.67244133938388
24,1,93.01374682044289,29,54.44355628570455
28,2,79.59932206237508,117,73.05979266533073
3,2,56.516175561141736,57,53.55683772022232
19,1,40.624672776188355,34,64.09869953573849
8,1,85.28448134022649,26,39.93760992618427
10,0,46.8903974823499,0,47.89703910526762
7,2,81.94687209464409,16,50.20420743239821
13,1,35.40726585847278,119,56.552477058851125
12,1,94.63206259306025,74,48.250088264615144
28,0,83.25903791167951,16,48.32444150273056
6,2,28.947584190454172,79,51.49235714929876
4,0,64.1747942847464,50,17.20756927666649
23,1,99.36336044224439,78,56.25879268979587
20,0,98.13312625732713,87,46.58317473260363
5,1,24.11353236455435,50,40.275596393821644
9,1,86.56960602255889,94,31.213081519862946
11,1,79.90566237336438,38,40.16049560689066
6,1,31.512695686284662,107,39.09240444444312
9,0,62.70720106191683,18,29.015424040443605
6,0,54.905332775541055,0,32.83978663401752
10,0,85.85018539329492,78,27.337732909801616
1,0,85.84996879600757,103,4.014639118516722
1,2,51.55852143510035,11,54.963850292904525
9,1,60.33428835126511,90,40.452123587854274
9,1,37.53513731829059,44,42.277118381061314
28,2,26.87858800887561,14,88.03638616715536
1,0,51.88052987793699,98,16.93718188684681
29,0,55.898360576100046,78,49.37339349767338
28,2,89.8287167019343,117,64.94583580881529
14,0,43.126686531055334,78,38.8380344549237
22,1,86.28375398710287,66,61.75195894131516
15,0,68.12467619648126,5,42.66774602791075
8,1,80.63282549862885,50,25.872405655056845
4,1,41.65574091960856,46,33.75621160978836
13,1,74.13219060077101,67,50.83785145288233
0,0,91.56091981750248,25,5.1813014134850075
25,0,57.5964752229872,106,53.518258810335354
14,3,37.214261970297486,7,100.0
9,0,37.12738314693762,81,29.78311811642429
3,0,34.09106393384639,50,20.16980368017524
5,2,48.860694921460286,38,48.33031287241323
10,1,68.83880538734309,31,38.78685158193676
0,2,27.986484574143216,111,37.51265670093202
13,0,29.75751713676983,74,53.173274969554186
3,2,62.08484215088167,98,48.995825698399464
6,0,45.914933515010894,48,22.933776835829356
27,1,33.62729549268151,96,57.66069874010872
15,1,97.67077828365902,59,48.3983720528755
23,1,30.244208843822953,70,66.80384341192784
29,0,89.29156850648161,12,43.135229134920955
20,1,54.52152029498837,49,59.43562907125777
24,3,51.31935836245307,111,91.93921215098135
29,1,56.945432915979865,68,60.12076712940038
11,1,47.65846446101061,38,47.775615798580816
9,0,77.8491041716309,19,31.083912897129398
23,0,80.44316339787417,67,43.33387292393049
29,2,67.79156232590725,111,79.40946100934639
19,0,51.3987787411955,113,51.58550584393179
29,1,23.083359945874857,0,83.48367955650528
2,1,79.47679689779082,3,17.25156357146478
6,1,20.437848706770197,55,42.164661759949766
26,1,49.844847004644244,105,64.15202869805047
20,1,81.99263227050623,19,46.62215076656533
7,1,97.08639297777229,115,24.77563694291146
27,0,90.251793972443,71,31.527630430569026
15,2,65.15141442873428,57,62.06617456433044
27,1,49.59874942777582,50,58.34263305347724
26,0,87.01734865496329,95,44.6163003726854
21,1,21.917628442236435,104,67.49669615966576
13,1,33.07133601195636,82,53.081961977169996
23,1,23.207600789822074,74,70.19581120666065
27,1,31.169892334329656,25,69.14283271469819
5,1,95.78558365836835,11,31.026693772646095
12,2,26.458822400219127,116,77.99767557212208
26,2,54.32208970859301,76,81.27456404951707
6,0,99.4834397429478,64,26.65253416186083
6,0,44.14118933575446,84,25.626036375042435
9,0,86.99805950302215,112,26.86352411898143
28,2,62.79185223806964,18,78.90610315024486
21,1,55.60128438831938,47,63.461300327708955
8,3,35.149079333828304,37,84.8549230617112
5,3,89.3842432400945,11,75.75443731406479
3,2,87.37237244134975,117,31.999169276067214
27,0,63.65405552648382,95,48.155495729447516
6,2,76.38706584345448,116,35.38731206239538
25,1,48.92792236581301,46,60.68533081799896
21,0,82.38958750978495,9,45.942965111560824
25,3,22.81407857475358,73,100.0
8,0,37.49633809213079,117,31.58823316832253
26,3,38.90883483068357,117,98.38007612251785
27,0,35.60993928738691,7,64.01803186733133
7,3,70.07916453592645,64,76.05016614820062
25,2,89.13094633541799,74,78.47849735073133
3,1,38.0743166333426,10,41.52925475472473
25,3,81.6618570932296,45,92.62058444615604
18,0,72.2553508018255,38,40.99171172394845
24,1,77.75254236101411,27,59.176986060422095
22,3,28.584989026601633,22,91.8226837577107
0,1,54.93339914710716,60,4.235226048853217
15,1,53.741285017164905,57,58.55470138485123
7,1,71.008718418324,27,35.74845829875287
0,3,91.74042972725587,56,48.68581313019703
24,0,71.85469837337075,98,43.652839600308496
13,1,88.4983203037286,76,45.254048758015145
13,1,73.74833508912539,79,44.1272777245863
17,1,84.96983689496473,51,53.207315131009366
14,1,37.23961134501604,55,48.71396716629989
11,0,70.1459986227367,23,24.502059822096733
21,2,28.857940688044348,32,76.94272229779335
8,0,43.30635628467726,23,36.48862744398001
21,2,76.65260430741081,91,70.62204754405401
23,1,31.794076278846866,57,64.53488956066226
11,1,64.01917535266061,15,44.33765829515916
12,0,82.5768956214236,57,27.734193404953462
6,2,85.64456661118885,53,44.74806963668633
5,1,57.398763154285746,21,36.513844574491465
27,0,45.107741768931724,90,51.64018417822702
0,0,44.23717030698416,52,1.1652324741538695
16,0,94.40026778837739,91,47.68007275342409
0,1,99.90637098669269,104,0.0
24,2,83.31611902460978,109,78.73117139022673
21,0,58.17605066263397,1,61.11786443660116
13,1,64.17301626435417,68,43.84125626482397
21,0,83.44039831677043,27,35.875181864579154
20,3,91.19192056578649,104,95.9612289125067
22,1,68.50395185541726,32,55.11591550565705
29,1,43.70397043627881,66,63.23675144455677
22,0,95.94348184074059,6,46.98395566128076
0,2,35.35369291288683,81,46.786927716232235
29,2,93.06281469615806,31,72.08705862096396
29,1,38.8205110732516,97,59.061831965492395
16,3,54.39656399200382,31,91.18519569760804
23,1,81.74794745833242,93,53.585716667815575
25,2,20.34446205341429,25,92.74167885471135
26,3,36.639845896676846,4,99.23487061896894
23,2,51.61877230071155,10,78.2383446149836
7,1,35.63966619172699,22,40.76109420330412
22,1,71.38019348543949,103,52.07607533223387
4,3,52.26835225993027,49,70.73933350265617
29,0,80.36585105745077,87,49.59027889110779
3,1,34.83002182419885,24,39.32460111449653
5,1,92.60839131123859,95,22.059317109213556
18,1,40.378268009397395,32,62.31733992869571
15,3,37.9751579636699,48,91.02003521063564
7,1,32.955325619970495,4,49.80838890931187
4,2,93.39164714129137,25,48.64859868047928
2,2,24.04287909200462,27,56.580640960324985
2,1,80.7973506960584,74,18.755340414101003
4,2,78.26999725971272,112,49.215095906643995
5,2,79.58167422534032,63,49.098908496816264
18,1,29.427512072466484,34,56.65396840814175
20,1,66.61154794516301,60,55.78441456589795
28,2,39.7380042783577,109,84.73388399023293
7,1,35.08241870993282,62,42.42588726227115
0,3,93.42879973005873,86,63.248999051857865
10,1,57.91461901104624,76,49.37402439924782
17,0,90.04312356217889,49,43.40115462453501
18,2,98.39828319121266,45,70.99596062109788
7,1,46.948523506661495,92,43.052954612925014
28,1,21.956067270561192,99,58.105439531978575
9,1,59.64840625609145,67,37.37280179434433
24,1,22.471426962882575,103,64.79873709670447
26,3,79.97646008357094,6,99.22375019097606
6,2,90.85641366866903,89,40.58341741287593
12,1,39.65597943959848,93,43.38023113639464
10,0,76.80135040436987,115,30.34682728582875
27,1,58.09070568723283,63,56.11466737071047
9,1,91.04469560118957,24,33.38625993710467
29,1,31.28218399600117,69,58.68014394385896
20,3,46.573043816276126,110,100.0
3,0,29.608850408110747,10,24.9313895432682
2,3,30.603366476113088,8,71.51000896060464
2,1,70.4729606218124,92,20.451053227507703
13,1,77.01997550090397,62,44.51345118901504
5,1,33.57712840788486,56,31.685804674568807
12,1,39.70817934265814,18,58.59127990241964
28,1,88.51277045245914,82,49.4124640526205
6,2,37.32978913472341,36,53.661491865488344
3,3,65.50670443074551,35,69.89461689158996
8,1,68.82683110321437,74,31.081048619695427
9,0,73.98002851041787,83,24.553581746638077
22,0,52.72281056365838,53,43.37184579533629
9,0,79.43250478864658,52,24.356576787448706
28,2,59.93553803377787,56,83.610395797259
27,3,62.29260304866328,59,91.93432416018106
3,1,61.25499508175777,8,20.400456000745166
10,3,57.46564277554648,59,89.05272050235136
17,1,37.35328982446306,21,57.23766420719616
19,0,81.53940650385772,51,34.431309422222455
6,0,32.34265003307808,68,25.714112866259036
12,0,46.099068973124545,75,39.25805239109175
8,1,38.454330026228625,91,44.694309630886565
4,1,87.97841531209816,90,12.640239287339124
21,0,40.03464693855106,34,52.84395532824944
22,1,99.22224696742036,119,52.57546207627357
21,1,94.6346766762804,103,57.18170799583188
20,1,44.25616613076733,99,65.45141531365375
13,3,92.48854486121454,118,87.73865128347437
1,1,63.782627296389975,38,22.63678270979784
17,1,52.66584181063911,76,66.85822631645247
12,1,30.17807695134624,39,58.35915474823521
29,2,38.229422924226704,53,82.51759154142103
5,1,45.308916586937215,2,39.56383641203166
26,1,25.19574233679549,33,67.33649186938095
24,1,87.9033690508871,2,63.71954387442641
6,1,55.428121698552204,53,40.97694101009459
18,2,20.881333390738277,107,84.77857204171525
10,3,32.00316625985681,65,92.9590385806259
4,1,67.95414468639481,86,21.086807332090174
16,1,58.17863279806372,36,65.49091815773879
22,0,48.17699948520993,5,56.41388353259803
9,0,71.52075211598947,52,22.878050929628515
15,2,76.93646567355103,97,77.23527024242324
18,1,39.64528310475613,72,60.738875708672886
17,0,53.11442552436807,54,47.127262985803135
17,2,36.10786552421722,111,85.79311161393267
9,0,96.15430320647263,110,23.430989862340628
21,2,92.47217750542227,116,67.60339722569329
23,1,87.9831358244029,9,65.35490135267001
14,1,65.74735812168873,50,50.264094749400044
21,1,78.38246136350335,9,51.71598507455614
21,1,44.97714183376626,61,58.08899627173329
0,1,33.984590898640405,44,14.607276150891686
17,1,78.73170766087344,113,47.503162877193205
19,2,88.1377746202015,45,68.98607415591331
14,1,40.63152073182353,111,50.73411810017608
16,3,27.072183256053954,18,96.2391956596624
9,1,58.024449430688335,8,48.51050128304352
15,1,87.65595205175777,40,51.045322739356
1,2,96.23801292480827,53,31.820566735712468
10,0,59.141215266463824,106,31.817288811352547
5,0,23.78980053835918,82,28.93398176651529
6,0,53.1483017595489,52,23.191168429019314
12,1,69.15088852281485,3,48.46804125533101
22,1,21.102188423524026,13,79.32164312000552
9,1,84.82420442187731,47,35.69039511806731
6,1,21.746511331664927,71,41.642603536799214
25,1,28.022991879620022,50,66.34902675452047
9,3,68.10982102490783,2,88.6507073137554
23,1,70.5884040613041,94,53.22821004709094
22,3,55.5950208821605,5,100.0
23,0,99.01179582051694,40,39.726667959142446
3,1,45.91210101754307,101,21.994869836751818
8,3,30.473704971719926,56,84.70174792480421
1,1,53.892409644048406,10,30.771199574476885
29,1,40.70685097899197,116,61.50963587539091
4,2,42.358989885615166,53,38.518760447618526
9,1,98.12216531321165,63,30.408225891588287
5,1,51.34701679280422,3,44.91477929603941
13,1,73.98502019246958,21,52.17596017429798
12,1,77.34014001308876,41,40.71477541082895
3,1,65.75605005129621,102,26.83840466108765
12,3,23.11835020298563,41,89.25280607115018
28,0,79.76886981499288,28,44.98181986007969
27,2,68.52256803263558,112,73.28188957832177
20,1,47.32306097612983,119,61.899700394902894
24,1,34.23299906369156,63,67.97615359845835
2,0,41.16594222570093,111,15.056047101199578
22,0,41.91249348848362,28,52.566651428936105
27,0,50.81341898847754,45,39.0572761720076
9,1,22.016395770092974,10,48.99501293064927
17,2,94.28209400458633,118,70.66715226401305
27,1,81.91515509101251,37,54.59248884751194
14,2,54.747939858023656,107,74.52337469318377
22,2,94.339379520492,37,62.091403861547874
13,3,27.46167242594618,92,93.43856802871721
20,0,83.93783373272441,92,50.21684255501995
10,2,42.07390736326506,11,74.87082652094973
19,0,41.21707648900528,53,54.20350439689099
1,1,41.627277642211126,105,25.250035150652955
22,1,60.20096394681168,39,53.91417728593247
11,1,32.1441386463065,60,62.10379880644071
16,1,85.91298888406372,49,53.307411793684174
0,3,97.40744207979778,94,46.524482859575535
27,0,33.598281695662855,63,54.8758178309853
9,1,94.3679177605737,31,47.146341984282195
11,1,24.70788298659454,86,47.84502383002439
0,2,60.97943768853017,8,44.819902423435956
11,1,94.96411445364055,14,44.9619969785132
7,0,67.01079797224344,38,27.48526461600828
14,1,28.332119504229727,18,69.83936784241422
23,1,27.020750621724048,110,78.65909611684881
19,3,45.17739579722907,113,95.74590188808654
22,1,35.20361727676773,49,64.63448838233353
14,1,25.37245421879783,84,62.94054342337382
3,1,72.4367514176001,40,13.700225953356002
26,3,90.10137864206393,89,91.37069815132055
28,1,62.97381186614548,44,61.035729434002576
14,0,40.363945170182575,44,47.79224666422461
20,0,70.1561872345815,31,44.893016724228055
20,1,81.74884326751406,64,54.104231464547425
7,1,61.758409129444054,115,32.8675371935344
10,2,54.32790971754055,7,75.75305210798943
24,3,27.422836330139155,55,95.6679193067028
21,0,60.61415979694223,90,44.63085344256087
17,2,68.99514634025452,75,76.63093813568722
15,2,22.914415654630666,104,83.67172450310635
4,0,71.8718148162689,103,18.05104587206687
26,0,76.30221556321797,40,40.12215798768989
14,0,81.13682796640934,106,34.26010187450167
5,1,76.6547589407294,116,20.200685790023265
18,1,23.16188949521844,35,57.45678702032172
26,0,78.35960702887833,0,49.145168719876054
6,2,58.883619964869844,56,58.392206846720526
23,1,54.4920765712892,62,64.52451664306139
18,2,26.299463190633368,119,85.43113300863973
22,0,42.99784148387384,42,54.44269038537362
24,2,93.53964657737806,59,73.37391142521916
0,0,26.42218563232297,48,15.349897755014618
9,3,35.84941931296726,25,84.26409383893133
24,1,50.13882225668374,69,65.49693799345188
22,0,75.18094787552697,51,48.451251984499606
16,1,25.531195600580922,68,67.12706845627834
15,0,43.044797497771256,87,54.71576272638639
29,0,86.84241584888733,103,40.09451394822041
26,0,88.29041385173872,6,36.528539701283535
23,1,83.64204209828816,51,62.948497497987915
26,1,32.01036453994057,118,67.72996364147818
8,0,90.90678591464189,57,24.299246357515553
22,1,53.48598330891634,31,70.47473456920514
7,1,46.151868150159146,55,43.970892774689574
25,1,31.995318234724852,43,52.503565059939774
17,1,75.50874673672011,16,55.05436162841738
13,0,20.689380570700166,18,49.90441975507414
5,2,23.590425798102128,118,63.029407869696165
25,0,80.48602259425903,71,33.62898894277173
9,0,99.29957025120223,71,21.758256197312903
15,0,64.42044959200449,14,53.206946518152236
20,2,91.40331958360697,90,65.79341318061702
15,0,43.7929567274864,66,54.787731496629604
16,3,97.96723306008846,81,88.64522821323347
27,1,28.582964601898155,58,69.88039288961228
4,1,94.51695434471114,8,22.926636143219305
22,0,27.754763343145097,91,52.67556081657259
3,1,75.34776490285223,8,29.97693547495162
1,2,77.4680450538524,99,29.34206659746598
27,1,96.55772677046235,83,42.64442109955767
12,1,80.48966477944595,52,34.097839051763145
0,0,63.15502069315116,24,4.93167673765897
1,1,52.342116506435914,5,27.143868780113912
10,1,77.6172823202131,78,40.88240936417478
23,2,63.00061300297636,74,73.0701779802433
3,0,62.19198245265049,32,3.2006258691523293
9,1,67.38199603555235,10,37.17637440008965
26,1,67.47650180719788,99,52.77978494493222
21,1,89.12866830522763,53,42.8682979164267
7,1,24.030379063084347,44,43.1986081460589
4,0,95.53149176610196,44,10.809518028112478
28,0,47.06444196823712,12,51.49553394454629
25,1,84.2163980901503,92,48.241210743678565
5,1,93.86421522063029,6,32.07772274954003
29,1,36.93928822208999,66,66.70885784088074
5,1,74.64119651591983,4,40.083256721351425
21,2,24.266006794667252,33,87.85245283215676
1,3,71.38539293372281,63,63.202614837366724
26,1,27.740231868887683,14,63.48822162602512
10,2,38.135892153176854,17,68.19238010359194
10,0,65.06529933583698,19,38.963344746651856
8,1,32.079450514805416,109,45.22284224679866
28,3,70.50287338448682,99,85.7413274797875
15,1,21.31857604769256,82,72.31891977116202
5,1,50.18254712490905,93,31.96200223780115
9,1,54.95914306491614,60,48.39685256839049
4,0,50.022251175479525,63,24.07213012576226
18,0,43.51683767396568,38,56.74993214564752
3,1,96.00014164593662,77,15.559607004588559
29,1,40.99107781868996,3,75.8451262160362
24,0,74.26484867213665,74,52.755532529257465
20,1,51.685220102278976,72,56.655651921749175
13,0,99.6444239668621,78,33.189815278684534
19,1,86.14198624111029,90,55.54780312317506
7,1,88.71729997547445,83,28.687555695655327
10,2,35.57025692839378,9,74.53588432025725
26,1,33.279432918962186,40,69.08539553878751
25,1,91.4504244856026,92,50.83507491930859
24,0,93.06546374658238,35,33.27728161653248
28,1,96.05318731755885,113,52.82800438457842
15,1,80.27684315490734,54,49.00906356494264
13,0,38.60418099544509,73,47.27810432238997
9,1,85.54075084479892,106,24.96670834764083
2,2,59.540782144949006,32,47.28968402488146
16,2,92.1719734727201,98,71.79589599834155
10,3,94.54594326362523,27,72.38312333612595
21,1,47.40818853202222,67,62.86516559169943
29,0,59.725191771774995,9,55.96953529628853
20,1,54.287433460073316,62,54.3236373718134
7,0,35.87063706252224,98,35.16586661026487
29,2,89.03410999638628,68,77.16493034134433
10,2,83.89998622094086,87,61.34092411815949
2,2,53.61302836197109,119,47.84238145433128
2,1,94.15591997860096,54,17.603271595742832
16,1,38.0620155253013,12,75.44418182432331
27,1,39.67848145524962,47,57.576838854676765
11,2,25.60915456353471,107,65.72378282422561
9,1,55.78205495266153,73,39.38245894486628
9,1,60.07865688254214,69,45.136157911606034
20,2,47.31027953449542,89,77.12248508517504
8,2,66.61459693846069,18,59.90141495640489
10,1,73.71228193384255,28,40.71204122950262
4,1,50.50460307651476,113,29.925693686955547
14,3,33.26928237786743,104,100.0
28,0,89.6586698654291,47,39.14232378227912
0,1,84.98375571762288,46,8.21906529207719
15,1,38.39584142549059,107,57.25265041132734
24,1,39.78052586454162,116,52.554822327592795
28,2,60.25428213799103,27,76.01955252014388
12,0,60.983123416395664,66,40.052451949503535
20,1,33.43503844790909,49,56.16891513928679
9,2,51.47656591906574,16,65.5144710181949
21,0,64.40338280420382,35,54.299214063168115
17,1,34.5218486487755,55,64.92306699543742
2,1,27.448746468682472,69,31.7802288634983
6,0,48.845208862068034,91,21.78038052182666
23,0,59.76206769739858,22,49.515398062718994
1,0,86.99067826443404,86,0.0
12,2,89.57474365655723,95,66.85679291414704
17,1,72.2229779593052,63,51.24549263157209
17,0,25.796397887669748,37,60.771432933060204
2,1,87.28960516034572,81,3.2344871174274914
8,0,90.9938318509389,95,25.333896194301357
18,2,71.88774331763456,42,75.96022875687721
15,1,29.355778647136663,16,60.865338172068604
6,1,37.330675056469794,42,38.432098392606314
21,1,94.79662534926807,64,50.192921351644166
21,2,79.18648752308036,9,74.6530296445664
2,2,70.14128514617285,69,38.957828265234234
22,1,99.85827848942832,92,56.98869890698561
13,0,29.521931998573486,71,37.7137754060542
17,1,34.70464991028004,87,60.709743771846135
6,0,75.48043394848486,104,21.861393397043564
14,0,42.60275210293688,67,51.87449777559319
3,1,43.02472119690943,110,32.64579707677978
26,0,98.46059743266818,114,37.64028288505197
7,1,85.00130721983717,26,22.726320179742707
25,0,57.0239150253428,54,53.43384392882881
10,1,71.98619380506227,77,38.46493941602692
18,1,82.9552908649699,5,64.06975903117075
22,1,36.75418251675431,29,65.4879239930948
17,0,81.40059327847186,7,51.44055843525236
8,1,85.20358587264751,51,40.35723469372517
8,2,72.86945567398395,112,60.92796226868933
0,1,53.15418168865126,54,18.08155766772079
15,1,53.18816044209321,12,67.71139034854008
19,1,94.45689449645174,66,51.652131864776706
26,1,21.620890256331133,54,58.795605290868025
3,0,52.1045068305757,32,14.41011893558882
3,0,27.485310848704056,19,29.56895255953974
14,1,37.745864173974226,65,58.945417928125906
11,3,30.148699836937347,12,96.8889268060607
17,3,68.82319613630804,74,100.0
11,0,36.32105172432327,116,35.25733852092632
3,1,94.499466278357,46,19.753468256231727
14,3,71.90199231108436,45,96.09992270306903
12,0,65.42491082834746,110,31.688703927338135
15,0,73.8810971780195,64,47.60370081586636
24,0,88.35142327947989,29,43.88004325944006
23,1,20.59863968854133,119,66.51109804444661
18,1,67.18319870846871,7,67.39436854275937
14,1,75.78258367893112,43,43.556570889306926
27,0,90.5525773711142,67,44.750696626713534
22,1,26.87089675500583,38,55.15059139925943
4,0,37.798580170299196,118,19.75431499587307
19,0,53.46218553826934,34,53.77655662202342
0,2,90.02355869206788,114,33.512622765669775
5,2,93.07048852496811,17,46.55702295664086
20,1,20.944727054320367,18,66.4951858359521
27,3,67.37429948045356,12,100.0
10,1,42.6772440194686,38,39.43204806104512
7,0,72.06498120352279,56,23.292903861041328
28,3,85.56223775074739,60,95.60693747041142
6,1,90.0079917649178,85,15.823224157523109
22,1,68.50004955601132,11,71.78809486591389
14,0,63.91100712052537,7,51.005912239646214
18,1,85.75045766174898,94,57.342684868363285
26,1,57.830974572333325,67,56.875607915784734
25,0,27.846386167274595,117,59.7126506966995
14,1,79.65400005282399,29,56.510668213179585
19,2,28.860025471712127,70,90.5537946330992
7,2,91.14414806137708,35,50.406984379661914
15,1,76.71556152172943,33,58.00323824100497
17,0,38.77378123692753,39,50.60464789661478
17,1,65.6584484896197,56,59.52442644503897
11,0,88.77442409935897,32,23.39966710582915
14,1,25.1565945963927,94,60.11031480613617
4,0,76.48788659142082,118,24.85942350560835
9,0,70.84330343784626,22,30.844286817794767
20,3,55.7907258243296,91,94.92056229055818
20,1,39.89397296289386,110,61.572551557863136
24,0,82.62705240446275,77,36.86776916088111
13,1,32.133096702355566,74,64.00339981432822
6,1,55.35208589960564,71,42.0665895174023
9,2,55.682537538391294,44,57.531183321333394
4,0,55.876660981508635,87,17.154064136796734
2,3,77.88474832734425,97,51.68388617083159
19,3,68.87669427333589,40,100.0
7,1,29.112580385521767,26,41.244598797090944
24,2,45.30203017479795,91,78.10602883848966
22,1,93.52697023748446,65,41.070964637479
3,3,23.79787979464755,55,68.92944438588425
18,1,33.595247308885384,30,66.95961733962375
1,0,80.86710722569657,115,5.827405652383435
17,1,71.71416304466257,39,61.11508548795485
8,3,40.41492098348337,36,77.74276003944581
0,1,70.5956987752629,54,11.431840298205369
24,1,41.82687813411658,32,64.0611407884924
24,1,56.33432093618154,39,63.7124294346255
8,0,30.31019237363801,65,31.68208473907533
3,3,92.08842505205413,51,55.72307629078314
8,0,80.88172583851971,86,36.18270021257341
2,0,50.12309862372654,93,16.257840167472395
13,0,25.093087145509088,119,51.77661286178686
1,1,76.93736959374371,88,23.450643885270782
10,0,67.8822791234613,0,35.129511876886056
11,0,46.53994499673783,22,42.00597948961124
23,0,44.9682199482957,109,45.19768921566913
28,3,77.19394423169527,17,100.0
6,1,35.08480629076465,11,53.44741880971441
8,1,73.75876301263531,118,45.31447967144594
14,3,23.214525810277628,81,100.0
20,1,60.57873420486565,0,71.6760183222472
24,1,33.90215102259126,58,64.39516951124007
28,0,89.12595765937192,87,43.61126227330744
8,1,22.148462154114235,23,43.78298729581311
6,1,51.04428378417981,77,38.2294056657091
16,0,94.54356956423867,18,44.87787060601489
24,3,71.95140936861925,110,98.9518065527062
2,1,25.005689267692752,0,37.36632866388087
18,0,76.10166456874862,42,47.46683635738697
20,1,79.83212817185402,17,54.4051491457658
24,0,46.44804433127823,33,52.57201893404588
1,2,75.64416243301132,91,38.566913936565044
29,2,35.58701491851135,81,82.21246091225089
5,1,28.969853077791107,52,35.3886431335466
15,0,30.603705141981017,19,57.77926080135288
7,1,45.76644850368289,42,40.048912516771146
21,1,43.993992466231646,110,55.25925723376232
8,1,84.15254667925987,41,33.36605599426951
3,1,64.24104050755247,116,25.537391048514657
20,1,84.3200928210454,4,54.31244922550235
8,1,23.43801005175191,67,38.4726866027403
8,1,58.16662929979012,8,38.88975331911205
14,0,81.07290349860635,22,35.549114268177945
28,0,67.5810002780083,115,45.45157115234564
17,1,85.58488865485506,84,58.70050134056135
4,1,28.420607502649364,38,32.60165523492095
1,0,27.538389155688023,33,14.250594479537302
0,1,53.68439303965697,75,14.137225419847727
13,1,77.63673222847598,42,53.01396768170731
7,1,97.30375098083351,58,28.466106711846237
25,1,22.118328104397076,57,62.61644034047068
13,1,99.95271403101371,30,36.01941507308996
27,0,22.04012511681583,7,70.80799505890508
3,0,94.95252320181423,112,11.238464158886917
13,1,25.117803392661866,35,51.718471654427844
2,0,44.897848736337906,10,23.97832785438522
23,1,84.10791451375512,84,46.4290800357704
27,2,87.90176680483813,48,72.19598196809304
2,0,41.99766990696932,113,18.310483305711244
13,0,48.10797466314113,44,41.1912562968409
24,2,61.66164863673351,35,85.72722265999074
11,2,28.28082146480468,18,75.64918970461486
24,1,67.16998823242531,95,54.9347839453958
26,1,29.28794463212452,3,67.48247887319029
6,1,48.50539869255515,59,33.30031998004016
16,1,73.3569730850725,81,61.85117386856326
8,1,67.71459743126735,70,41.82336967269232
17,1,71.79286583008556,83,57.02814773258397
0,1,22.904454088358015,107,28.520971151985187
10,0,53.94691431384092,60,34.96832111605814
15,3,96.3414621408492,54,93.11165732090936
14,2,64.54659330966246,110,75.61075670967578
28,1,95.56237326821007,65,54.1255952324558
26,1,75.89068549493436,16,63.80428326120048
7,0,94.15442900477333,88,22.53857010359466
2,0,71.83707007166306,83,14.526734571272543
13,2,92.575789866929,62,64.30552603850496
12,2,40.13685133995458,61,71.79923348191613
23,0,30.71817753832061,79,52.44951453280737
14,0,38.56643685358303,35,39.14650155952734
21,2,88.02269481243074,6,84.30610223298756
8,1,52.20904253627596,79,40.446147077362774
20,1,90.27777243167903,10,60.7127263292115
21,2,64.60788729003639,67,63.559334141626024
22,0,64.95527388809421,9,48.91102268154394
13,1,67.69915276383463,0,60.037709293741855
1,0,49.148926118048905,4,21.486914135711583
0,1,80.52375707215259,81,12.61942771046221
1,2,64.73937829607613,83,39.510724921136834
4,0,82.58271388028476,118,8.658393600045496
0,3,83.34778318328591,2,72.0556723566418
10,2,43.05594409604514,0,76.27169638478689
2,2,44.1004951557011,74,40.811388905270775
24,3,55.77004401950696,52,100.0
11,1,54.58683382140463,66,37.2914199251564
5,3,65.14369646635092,111,65.90602529827325
2,1,65.03857936531017,100,25.54059345512735
6,1,79.69068445834476,81,31.529023049249524
8,1,20.198234468561846,70,34.984434373676585
11,1,85.30856580606617,15,39.90911092802617
10,2,88.33620053559937,47,58.01577130794363
11,1,71.58984917422899,0,58.50359109639011
22,1,84.79491789693667,59,54.945162684801026
15,1,76.58137553562726,115,44.15844499785493
13,3,80.42972329802461,110,80.01778547951875
2,0,81.23012179154618,65,7.333480614886849
25,2,50.47522784389073,13,85.8915096547328
20,1,32.28226352357044,13,67.10352758872408
14,1,21.31930071821199,5,61.16291928213596
18,0,83.62587700222011,84,50.5838204372925
24,1,44.28661212755096,18,64.0038498465831
16,1,38.01982433436056,106,55.82088960543912
12,1,99.81183737469604,57,46.84992374506186
13,2,64.255890523023,103,61.92232216775161
8,1,83.92859587519516,35,26.66880556302104
15,3,61.14554664917467,74,100.0
2,1,34.755676870947305,108,32.922623701243445
23,2,58.63262658968569,103,81.93801746925054
5,1,31.236012671121813,91,30.19095600047701
8,1,50.96136924993469,38,47.011789140034374
21,1,25.89696552893215,89,63.66337290576961
18,2,77.79822585339764,48,77.61957152065013
29,2,58.73708114240515,46,77.34642859878547
13,1,46.245691404875295,96,55.80440146509251
7,0,99.81403578958579,5,27.654307626957966
20,1,30.401999601432237,34,63.98249259147272
13,0,20.32025299542233,112,46.874608427882265
18,0,38.06227492637682,23,56.644494920984144
15,1,91.2206346917033,73,57.06180572754175
13,1,32.779077409816736,43,58.30043680726612
15,3,42.200889554721215,74,100.0
12,2,64.85222725833346,80,66.25938796545398
27,1,35.18145097686145,77,70.99112671859754
15,3,53.25467273171433,71,93.13567118015136
17,0,37.331642845146874,98,57.167950998853335
19,1,22.416795859365635,33,68.42263488809813
13,0,80.47021846607046,6,38.12568234244572
8,1,88.73427829575176,29,36.17321996222637
27,0,36.25196601339176,37,56.37814671391526
15,0,53.36423067169183,19,50.268777330606
6,0,92.6676540433277,25,19.06340007626207
11,1,53.58484488446286,28,57.72242316287797
29,0,66.06572840562802,45,56.94853944242608
22,1,47.66804222086322,35,57.73136795160238
11,2,65.72126410762209,38,66.59645790160911
1,0,33.68027865889203,88,12.908264696422908
2,1,27.5644280530717,22,44.24280873663456
18,3,50.5128182722322,73,100.0
18,1,63.40352568380211,11,63.45807802264183
8,1,23.79073870540789,35,42.92462919079144
22,1,39.52502230345523,106,66.40378801032578
16,1,32.24803006427017,7,69.88935828066646
24,1,78.73560545745963,52,59.51325333862678
28,2,80.34888549853197,119,69.29983269854114
11,2,84.14414533247124,87,66.62417432784534
4,1,61.195177725821814,76,21.307231770257545
21,1,83.94836600457111,98,46.48002015986084
16,0,80.55355981179889,85,40.652237009132136
13,3,66.33225486911839,68,87.26828433824618
6,3,77.97889747610337,30,70.68769299999475
19,1,35.116830737574944,25,66.38297290506523
0,1,77.3615578210311,10,21.215893314176245
22,2,36.02166640721145,37,84.36939824650565
22,1,80.10497156825143,54,48.47617902119896
14,1,42.25173963759769,31,59.18314228300334
4,0,46.15355641537798,118,30.636895900992762
24,0,83.20238153311327,7,51.42455405638184
6,1,70.45172207602562,79,28.668206716573707
12,3,85.42527417953349,81,85.05235037469748
14,1,26.260720614685617,84,59.31981938835714
19,3,86.88926276734836,10,95.3400337125731
10,0,94.22865803703908,62,20.020424719834
27,0,75.85157129206853,41,40.923730610851266
0,1,32.28173447449591,2,35.86171592497857
16,1,82.26883766225734,77,56.88722168533669
3,1,36.53038608419095,1,35.55717423400585
8,0,32.595808693215325,2,44.21844333831788
18,1,83.85346331178474,112,57.78544736359629
26,0,24.927604873134463,67,58.1763599882021
29,1,42.386073471582975,51,65.02953949740754
18,2,70.22016766327042,92,73.72494014560961
16,0,63.59863516627979,86,44.90987059991224
24,1,69.94897960937817,112,59.16922757418401
23,1,57.614581856241294,49,62.97708195090041
21,1,23.195354006917537,82,62.201850753202585
10,1,71.4180251744048,81,38.23277145115051
1,1,60.667533015631264,115,14.007217474369325
15,1,42.66446713494605,28,63.43069928383117
28,1,51.27684911426448,44,65.59336108207468
11,0,55.002908541720366,96,40.25153606367381
0,0,22.257562574186267,56,18.27893363931989
6,1,45.929937168113554,113,38.113513897916135
4,1,57.36338801065877,74,19.265207822923472
4,0,29.590330716533863,13,23.670318681000087
6,1,96.23430325008114,0,33.288794610861764
10,1,93.16793954974094,86,39.9774206348841
8,1,23.145550642661632,116,37.07290567983564
24,2,40.38179392780293,111,80.32811251167455
14,1,61.85343685955036,61,57.54389366039874
22,1,52.00532451343008,37,59.104619517502556
12,0,84.82330729690835,17,34.73440589401578
3,1,73.47954322594804,44,19.144051690281824
15,2,85.59080974557607,65,68.88029675970321
24,1,50.90991490117312,103,58.76442212438157
12,1,63.58800269515686,62,48.437449347246194
14,1,89.34736499311006,26,59.18109445859622
1,3,64.80459809889844,24,62.94812312363807
2,2,92.79497383339691,16,40.259740037500826
7,1,22.881992546901316,61,52.175917659838504
13,1,71.9281279349712,41,61.811895078547295
10,0,34.85261564938963,8,41.65274307900671
24,1,90.53755386198165,21,45.531711715436685
26,0,43.62620608613864,105,53.24881513850273
18,3,77.19335114119343,113,100.0
6,1,95.75329827391843,118,34.170506602704506
10,1,30.378248552392442,37,43.79235801894555
27,1,27.228710136113435,41,66.56300256937605
2,1,96.30799119601166,17,21.553650194714773
21,1,26.10894427780874,23,73.29045894274228
19,0,59.47873262105736,16,50.7028939287331
17,0,66.49976182826816,52,39.632461016083106
6,1,37.6104864186476,8,36.8187433895374
14,3,98.36973448994303,119,86.93128314783559
25,0,39.017150029678184,38,51.04127159456691
25,0,47.17299710434376,54,45.32619948478215
8,1,88.14942845972355,42,44.48235381347277
17,1,59.62404931086736,22,59.521313211882685
7,0,41.102883374061335,73,31.255289039265165
16,3,65.21184901567096,5,100.0
24,1,27.019022646610836,54,57.48738512544225
29,0,45.190278262200245,23,57.07153656077379
7,2,72.15698768264684,113,54.11185037283748
19,1,60.870171941626324,108,65.22823078132816
